plan_code,age_limit,day_limit,premium
6e6a5880-54dd-4846-bb64-d8bb7de38099,30,30,135.00
6e6a5880-54dd-4846-bb64-d8bb7de38099,75,30,203.00
6e6a5880-54dd-4846-bb64-d8bb7de38099,80,30,270.00
6e6a5880-54dd-4846-bb64-d8bb7de38099,30,60,250.00
6e6a5880-54dd-4846-bb64-d8bb7de38099,75,60,260.00
6e6a5880-54dd-4846-bb64-d8bb7de38099,80,60,270.00
2f03957f-d22a-4a98-a46d-66285752bc2a,70,30,390.00
2f03957f-d22a-4a98-a46d-66285752bc2a,75,30,585.00
2f03957f-d22a-4a98-a46d-66285752bc2a,80,30,781.00
2f03957f-d22a-4a98-a46d-66285752bc2a,70,60,390.00
2f03957f-d22a-4a98-a46d-66285752bc2a,75,60,585.00
2f03957f-d22a-4a98-a46d-66285752bc2a,80,60,781.00
f2534505-3f0b-4eff-96af-cc1f6cdd41c9,40,4,477.00
f2534505-3f0b-4eff-96af-cc1f6cdd41c9,60,4,580.00
f2534505-3f0b-4eff-96af-cc1f6cdd41c9,70,4,868.00
f2534505-3f0b-4eff-96af-cc1f6cdd41c9,40,5,521.00
f2534505-3f0b-4eff-96af-cc1f6cdd41c9,60,5,657.00
f2534505-3f0b-4eff-96af-cc1f6cdd41c9,70,5,960.00
f2534505-3f0b-4eff-96af-cc1f6cdd41c9,40,6,561.00
f2534505-3f0b-4eff-96af-cc1f6cdd41c9,60,6,679.00
f2534505-3f0b-4eff-96af-cc1f6cdd41c9,70,6,1037.00
f2534505-3f0b-4eff-96af-cc1f6cdd41c9,40,7,634.00
f2534505-3f0b-4eff-96af-cc1f6cdd41c9,60,7,699.00
f2534505-3f0b-4eff-96af-cc1f6cdd41c9,70,7,1073.00
f2534505-3f0b-4eff-96af-cc1f6cdd41c9,40,9,673.00
f2534505-3f0b-4eff-96af-cc1f6cdd41c9,60,9,786.00
f2534505-3f0b-4eff-96af-cc1f6cdd41c9,70,9,1138.00
f2534505-3f0b-4eff-96af-cc1f6cdd41c9,40,11,711.00
f2534505-3f0b-4eff-96af-cc1f6cdd41c9,60,11,823.00
f2534505-3f0b-4eff-96af-cc1f6cdd41c9,70,11,1175.00
f2534505-3f0b-4eff-96af-cc1f6cdd41c9,40,13,718.00
f2534505-3f0b-4eff-96af-cc1f6cdd41c9,60,13,835.00
f2534505-3f0b-4eff-96af-cc1f6cdd41c9,70,13,1213.00
f2534505-3f0b-4eff-96af-cc1f6cdd41c9,40,20,802.00
f2534505-3f0b-4eff-96af-cc1f6cdd41c9,60,20,854.00
f2534505-3f0b-4eff-96af-cc1f6cdd41c9,70,20,1320.00
f2534505-3f0b-4eff-96af-cc1f6cdd41c9,40,29,815.00
f2534505-3f0b-4eff-96af-cc1f6cdd41c9,60,29,943.00
f2534505-3f0b-4eff-96af-cc1f6cdd41c9,70,29,1456.00
f2534505-3f0b-4eff-96af-cc1f6cdd41c9,40,30,923.00
f2534505-3f0b-4eff-96af-cc1f6cdd41c9,60,30,1052.00
f2534505-3f0b-4eff-96af-cc1f6cdd41c9,70,30,1777.00
02eb3430-22a1-4b72-9f6a-2943b4180bb7,40,4,873.00
02eb3430-22a1-4b72-9f6a-2943b4180bb7,60,4,973.00
02eb3430-22a1-4b72-9f6a-2943b4180bb7,70,4,1489.00
02eb3430-22a1-4b72-9f6a-2943b4180bb7,72,4,2382.00
02eb3430-22a1-4b72-9f6a-2943b4180bb7,74,4,2549.00
02eb3430-22a1-4b72-9f6a-2943b4180bb7,76,4,2822.00
02eb3430-22a1-4b72-9f6a-2943b4180bb7,78,4,3641.00
02eb3430-22a1-4b72-9f6a-2943b4180bb7,80,4,4006.00
02eb3430-22a1-4b72-9f6a-2943b4180bb7,85,4,6009.00
02eb3430-22a1-4b72-9f6a-2943b4180bb7,90,4,8012.00
02eb3430-22a1-4b72-9f6a-2943b4180bb7,40,6,966.00
02eb3430-22a1-4b72-9f6a-2943b4180bb7,60,6,1078.00
02eb3430-22a1-4b72-9f6a-2943b4180bb7,70,6,1649.00
02eb3430-22a1-4b72-9f6a-2943b4180bb7,72,6,2638.00
02eb3430-22a1-4b72-9f6a-2943b4180bb7,74,6,2791.00
02eb3430-22a1-4b72-9f6a-2943b4180bb7,76,6,2989.00
02eb3430-22a1-4b72-9f6a-2943b4180bb7,78,6,4076.00
02eb3430-22a1-4b72-9f6a-2943b4180bb7,80,6,4483.00
02eb3430-22a1-4b72-9f6a-2943b4180bb7,85,6,6725.00
02eb3430-22a1-4b72-9f6a-2943b4180bb7,90,6,8967.00
02eb3430-22a1-4b72-9f6a-2943b4180bb7,40,8,1091.00
02eb3430-22a1-4b72-9f6a-2943b4180bb7,60,8,1218.00
02eb3430-22a1-4b72-9f6a-2943b4180bb7,70,8,1830.00
02eb3430-22a1-4b72-9f6a-2943b4180bb7,72,8,2925.00
02eb3430-22a1-4b72-9f6a-2943b4180bb7,74,8,3008.00
02eb3430-22a1-4b72-9f6a-2943b4180bb7,76,8,3209.00
02eb3430-22a1-4b72-9f6a-2943b4180bb7,78,8,4260.00
02eb3430-22a1-4b72-9f6a-2943b4180bb7,80,8,4685.00
02eb3430-22a1-4b72-9f6a-2943b4180bb7,85,8,7029.00
02eb3430-22a1-4b72-9f6a-2943b4180bb7,90,8,9372.00
02eb3430-22a1-4b72-9f6a-2943b4180bb7,40,12,1234.00
02eb3430-22a1-4b72-9f6a-2943b4180bb7,60,12,1430.00
02eb3430-22a1-4b72-9f6a-2943b4180bb7,70,12,2325.00
02eb3430-22a1-4b72-9f6a-2943b4180bb7,72,12,3720.00
02eb3430-22a1-4b72-9f6a-2943b4180bb7,74,12,3769.00
02eb3430-22a1-4b72-9f6a-2943b4180bb7,76,12,4152.00
02eb3430-22a1-4b72-9f6a-2943b4180bb7,78,12,4844.00
02eb3430-22a1-4b72-9f6a-2943b4180bb7,80,12,5329.00
02eb3430-22a1-4b72-9f6a-2943b4180bb7,85,12,7993.00
02eb3430-22a1-4b72-9f6a-2943b4180bb7,90,12,10657.00
02eb3430-22a1-4b72-9f6a-2943b4180bb7,40,14,1407.00
02eb3430-22a1-4b72-9f6a-2943b4180bb7,60,14,1491.00
02eb3430-22a1-4b72-9f6a-2943b4180bb7,70,14,2363.00
02eb3430-22a1-4b72-9f6a-2943b4180bb7,72,14,3947.00
02eb3430-22a1-4b72-9f6a-2943b4180bb7,74,14,4064.00
02eb3430-22a1-4b72-9f6a-2943b4180bb7,76,14,4738.00
02eb3430-22a1-4b72-9f6a-2943b4180bb7,78,14,5487.00
02eb3430-22a1-4b72-9f6a-2943b4180bb7,80,14,6035.00
02eb3430-22a1-4b72-9f6a-2943b4180bb7,85,14,9053.00
02eb3430-22a1-4b72-9f6a-2943b4180bb7,90,14,12070.00
02eb3430-22a1-4b72-9f6a-2943b4180bb7,40,21,1578.00
02eb3430-22a1-4b72-9f6a-2943b4180bb7,60,21,1752.00
02eb3430-22a1-4b72-9f6a-2943b4180bb7,70,21,3245.00
02eb3430-22a1-4b72-9f6a-2943b4180bb7,72,21,4773.00
02eb3430-22a1-4b72-9f6a-2943b4180bb7,74,21,4833.00
02eb3430-22a1-4b72-9f6a-2943b4180bb7,76,21,5534.00
02eb3430-22a1-4b72-9f6a-2943b4180bb7,78,21,6157.00
02eb3430-22a1-4b72-9f6a-2943b4180bb7,80,21,6773.00
02eb3430-22a1-4b72-9f6a-2943b4180bb7,85,21,10158.00
02eb3430-22a1-4b72-9f6a-2943b4180bb7,90,21,13548.00
02eb3430-22a1-4b72-9f6a-2943b4180bb7,40,28,1956.00
02eb3430-22a1-4b72-9f6a-2943b4180bb7,60,28,2248.00
02eb3430-22a1-4b72-9f6a-2943b4180bb7,70,28,3944.00
02eb3430-22a1-4b72-9f6a-2943b4180bb7,72,28,5836.00
02eb3430-22a1-4b72-9f6a-2943b4180bb7,74,28,5967.00
02eb3430-22a1-4b72-9f6a-2943b4180bb7,76,28,6287.00
02eb3430-22a1-4b72-9f6a-2943b4180bb7,78,28,7882.00
02eb3430-22a1-4b72-9f6a-2943b4180bb7,80,28,8671.00
02eb3430-22a1-4b72-9f6a-2943b4180bb7,85,28,13006.00
02eb3430-22a1-4b72-9f6a-2943b4180bb7,90,28,17340.00
02eb3430-22a1-4b72-9f6a-2943b4180bb7,40,35,2337.00
02eb3430-22a1-4b72-9f6a-2943b4180bb7,60,35,2654.00
02eb3430-22a1-4b72-9f6a-2943b4180bb7,70,35,4636.00
02eb3430-22a1-4b72-9f6a-2943b4180bb7,72,35,6491.00
02eb3430-22a1-4b72-9f6a-2943b4180bb7,74,35,7052.00
02eb3430-22a1-4b72-9f6a-2943b4180bb7,76,35,7204.00
02eb3430-22a1-4b72-9f6a-2943b4180bb7,78,35,9697.00
02eb3430-22a1-4b72-9f6a-2943b4180bb7,80,35,10668.00
02eb3430-22a1-4b72-9f6a-2943b4180bb7,85,35,16001.00
02eb3430-22a1-4b72-9f6a-2943b4180bb7,90,35,21334.00
02eb3430-22a1-4b72-9f6a-2943b4180bb7,40,47,2826.00
02eb3430-22a1-4b72-9f6a-2943b4180bb7,60,47,3300.00
02eb3430-22a1-4b72-9f6a-2943b4180bb7,70,47,6071.00
02eb3430-22a1-4b72-9f6a-2943b4180bb7,72,47,7549.00
02eb3430-22a1-4b72-9f6a-2943b4180bb7,74,47,8851.00
02eb3430-22a1-4b72-9f6a-2943b4180bb7,76,47,9999.00
02eb3430-22a1-4b72-9f6a-2943b4180bb7,78,47,12680.00
02eb3430-22a1-4b72-9f6a-2943b4180bb7,80,47,13949.00
02eb3430-22a1-4b72-9f6a-2943b4180bb7,85,47,20923.00
02eb3430-22a1-4b72-9f6a-2943b4180bb7,90,47,27900.00
02eb3430-22a1-4b72-9f6a-2943b4180bb7,40,60,3419.00
02eb3430-22a1-4b72-9f6a-2943b4180bb7,60,60,4933.00
02eb3430-22a1-4b72-9f6a-2943b4180bb7,70,60,7548.00
02eb3430-22a1-4b72-9f6a-2943b4180bb7,72,60,10478.00
02eb3430-22a1-4b72-9f6a-2943b4180bb7,74,60,11391.00
02eb3430-22a1-4b72-9f6a-2943b4180bb7,76,60,12202.00
02eb3430-22a1-4b72-9f6a-2943b4180bb7,78,60,16455.00
02eb3430-22a1-4b72-9f6a-2943b4180bb7,80,60,17607.00
02eb3430-22a1-4b72-9f6a-2943b4180bb7,85,60,26409.00
02eb3430-22a1-4b72-9f6a-2943b4180bb7,90,60,35214.00
02eb3430-22a1-4b72-9f6a-2943b4180bb7,40,75,4820.00
02eb3430-22a1-4b72-9f6a-2943b4180bb7,60,75,6969.00
02eb3430-22a1-4b72-9f6a-2943b4180bb7,70,75,9406.00
02eb3430-22a1-4b72-9f6a-2943b4180bb7,72,75,11956.00
02eb3430-22a1-4b72-9f6a-2943b4180bb7,74,75,14038.00
02eb3430-22a1-4b72-9f6a-2943b4180bb7,76,75,15246.00
02eb3430-22a1-4b72-9f6a-2943b4180bb7,78,75,20415.00
02eb3430-22a1-4b72-9f6a-2943b4180bb7,80,75,21435.00
02eb3430-22a1-4b72-9f6a-2943b4180bb7,85,75,32151.00
02eb3430-22a1-4b72-9f6a-2943b4180bb7,90,75,42871.00
02eb3430-22a1-4b72-9f6a-2943b4180bb7,40,90,6039.00
02eb3430-22a1-4b72-9f6a-2943b4180bb7,60,90,8147.00
02eb3430-22a1-4b72-9f6a-2943b4180bb7,70,90,11248.00
02eb3430-22a1-4b72-9f6a-2943b4180bb7,72,90,16901.00
02eb3430-22a1-4b72-9f6a-2943b4180bb7,74,90,17855.00
02eb3430-22a1-4b72-9f6a-2943b4180bb7,76,90,18901.00
02eb3430-22a1-4b72-9f6a-2943b4180bb7,78,90,25497.00
02eb3430-22a1-4b72-9f6a-2943b4180bb7,80,90,27281.00
02eb3430-22a1-4b72-9f6a-2943b4180bb7,85,90,40922.00
02eb3430-22a1-4b72-9f6a-2943b4180bb7,90,90,54564.00
02eb3430-22a1-4b72-9f6a-2943b4180bb7,40,105,6651.00
02eb3430-22a1-4b72-9f6a-2943b4180bb7,60,105,9576.00
02eb3430-22a1-4b72-9f6a-2943b4180bb7,70,105,16592.00
02eb3430-22a1-4b72-9f6a-2943b4180bb7,72,105,22665.00
02eb3430-22a1-4b72-9f6a-2943b4180bb7,74,105,25475.00
02eb3430-22a1-4b72-9f6a-2943b4180bb7,76,105,31841.00
02eb3430-22a1-4b72-9f6a-2943b4180bb7,78,105,39549.00
02eb3430-22a1-4b72-9f6a-2943b4180bb7,80,105,40580.00
02eb3430-22a1-4b72-9f6a-2943b4180bb7,85,105,60872.00
02eb3430-22a1-4b72-9f6a-2943b4180bb7,90,105,81162.00
02eb3430-22a1-4b72-9f6a-2943b4180bb7,40,120,7651.00
02eb3430-22a1-4b72-9f6a-2943b4180bb7,60,120,10054.00
02eb3430-22a1-4b72-9f6a-2943b4180bb7,70,120,17509.00
02eb3430-22a1-4b72-9f6a-2943b4180bb7,72,120,24015.00
02eb3430-22a1-4b72-9f6a-2943b4180bb7,74,120,28575.00
02eb3430-22a1-4b72-9f6a-2943b4180bb7,76,120,33911.00
02eb3430-22a1-4b72-9f6a-2943b4180bb7,78,120,42053.00
02eb3430-22a1-4b72-9f6a-2943b4180bb7,80,120,43351.00
02eb3430-22a1-4b72-9f6a-2943b4180bb7,85,120,65028.00
02eb3430-22a1-4b72-9f6a-2943b4180bb7,90,120,86704.00
02eb3430-22a1-4b72-9f6a-2943b4180bb7,40,140,8616.00
02eb3430-22a1-4b72-9f6a-2943b4180bb7,60,140,11169.00
02eb3430-22a1-4b72-9f6a-2943b4180bb7,70,140,24550.00
02eb3430-22a1-4b72-9f6a-2943b4180bb7,72,140,36607.00
02eb3430-22a1-4b72-9f6a-2943b4180bb7,74,140,37968.00
02eb3430-22a1-4b72-9f6a-2943b4180bb7,76,140,46173.00
02eb3430-22a1-4b72-9f6a-2943b4180bb7,78,140,52401.00
02eb3430-22a1-4b72-9f6a-2943b4180bb7,80,140,54321.00
02eb3430-22a1-4b72-9f6a-2943b4180bb7,85,140,81482.00
02eb3430-22a1-4b72-9f6a-2943b4180bb7,90,140,108643.00
02eb3430-22a1-4b72-9f6a-2943b4180bb7,40,160,8932.00
02eb3430-22a1-4b72-9f6a-2943b4180bb7,60,160,11426.00
02eb3430-22a1-4b72-9f6a-2943b4180bb7,70,160,24841.00
02eb3430-22a1-4b72-9f6a-2943b4180bb7,72,160,41843.00
02eb3430-22a1-4b72-9f6a-2943b4180bb7,74,160,43241.00
02eb3430-22a1-4b72-9f6a-2943b4180bb7,76,160,49500.00
02eb3430-22a1-4b72-9f6a-2943b4180bb7,78,160,57284.00
02eb3430-22a1-4b72-9f6a-2943b4180bb7,80,160,62530.00
02eb3430-22a1-4b72-9f6a-2943b4180bb7,85,160,93793.00
02eb3430-22a1-4b72-9f6a-2943b4180bb7,90,160,125056.00
02eb3430-22a1-4b72-9f6a-2943b4180bb7,40,180,10196.00
02eb3430-22a1-4b72-9f6a-2943b4180bb7,60,180,12455.00
02eb3430-22a1-4b72-9f6a-2943b4180bb7,70,180,28819.00
02eb3430-22a1-4b72-9f6a-2943b4180bb7,72,180,48689.00
02eb3430-22a1-4b72-9f6a-2943b4180bb7,74,180,49300.00
02eb3430-22a1-4b72-9f6a-2943b4180bb7,76,180,55101.00
02eb3430-22a1-4b72-9f6a-2943b4180bb7,78,180,66266.00
02eb3430-22a1-4b72-9f6a-2943b4180bb7,80,180,68830.00
02eb3430-22a1-4b72-9f6a-2943b4180bb7,85,180,103244.00
02eb3430-22a1-4b72-9f6a-2943b4180bb7,90,180,137658.00
b0995c45-26a0-4fb9-b0df-07427662cc21,40,4,994.00
b0995c45-26a0-4fb9-b0df-07427662cc21,60,4,1109.00
b0995c45-26a0-4fb9-b0df-07427662cc21,70,4,1695.00
b0995c45-26a0-4fb9-b0df-07427662cc21,72,4,2714.00
b0995c45-26a0-4fb9-b0df-07427662cc21,74,4,3564.00
b0995c45-26a0-4fb9-b0df-07427662cc21,76,4,4211.00
b0995c45-26a0-4fb9-b0df-07427662cc21,78,4,5259.00
b0995c45-26a0-4fb9-b0df-07427662cc21,80,4,6108.00
b0995c45-26a0-4fb9-b0df-07427662cc21,85,4,9074.00
b0995c45-26a0-4fb9-b0df-07427662cc21,90,4,12099.00
b0995c45-26a0-4fb9-b0df-07427662cc21,40,6,1101.00
b0995c45-26a0-4fb9-b0df-07427662cc21,60,6,1229.00
b0995c45-26a0-4fb9-b0df-07427662cc21,70,6,1880.00
b0995c45-26a0-4fb9-b0df-07427662cc21,72,6,3010.00
b0995c45-26a0-4fb9-b0df-07427662cc21,74,6,3947.00
b0995c45-26a0-4fb9-b0df-07427662cc21,76,6,4457.00
b0995c45-26a0-4fb9-b0df-07427662cc21,78,6,5827.00
b0995c45-26a0-4fb9-b0df-07427662cc21,80,6,6705.00
b0995c45-26a0-4fb9-b0df-07427662cc21,85,6,10056.00
b0995c45-26a0-4fb9-b0df-07427662cc21,90,6,13409.00
b0995c45-26a0-4fb9-b0df-07427662cc21,40,8,1276.00
b0995c45-26a0-4fb9-b0df-07427662cc21,60,8,1423.00
b0995c45-26a0-4fb9-b0df-07427662cc21,70,8,2084.00
b0995c45-26a0-4fb9-b0df-07427662cc21,72,8,3491.00
b0995c45-26a0-4fb9-b0df-07427662cc21,74,8,4376.00
b0995c45-26a0-4fb9-b0df-07427662cc21,76,8,4787.00
b0995c45-26a0-4fb9-b0df-07427662cc21,78,8,6164.00
b0995c45-26a0-4fb9-b0df-07427662cc21,80,8,7293.00
b0995c45-26a0-4fb9-b0df-07427662cc21,85,8,10938.00
b0995c45-26a0-4fb9-b0df-07427662cc21,90,8,14585.00
b0995c45-26a0-4fb9-b0df-07427662cc21,40,12,1445.00
b0995c45-26a0-4fb9-b0df-07427662cc21,60,12,1673.00
b0995c45-26a0-4fb9-b0df-07427662cc21,70,12,2650.00
b0995c45-26a0-4fb9-b0df-07427662cc21,72,12,4439.00
b0995c45-26a0-4fb9-b0df-07427662cc21,74,12,5566.00
b0995c45-26a0-4fb9-b0df-07427662cc21,76,12,6189.00
b0995c45-26a0-4fb9-b0df-07427662cc21,78,12,7257.00
b0995c45-26a0-4fb9-b0df-07427662cc21,80,12,7870.00
b0995c45-26a0-4fb9-b0df-07427662cc21,85,12,11805.00
b0995c45-26a0-4fb9-b0df-07427662cc21,90,12,15741.00
b0995c45-26a0-4fb9-b0df-07427662cc21,40,14,1645.00
b0995c45-26a0-4fb9-b0df-07427662cc21,60,14,1701.00
b0995c45-26a0-4fb9-b0df-07427662cc21,70,14,2827.00
b0995c45-26a0-4fb9-b0df-07427662cc21,72,14,4498.00
b0995c45-26a0-4fb9-b0df-07427662cc21,74,14,6099.00
b0995c45-26a0-4fb9-b0df-07427662cc21,76,14,7000.00
b0995c45-26a0-4fb9-b0df-07427662cc21,78,14,8036.00
b0995c45-26a0-4fb9-b0df-07427662cc21,80,14,8915.00
b0995c45-26a0-4fb9-b0df-07427662cc21,85,14,13369.00
b0995c45-26a0-4fb9-b0df-07427662cc21,90,14,17827.00
b0995c45-26a0-4fb9-b0df-07427662cc21,40,21,1846.00
b0995c45-26a0-4fb9-b0df-07427662cc21,60,21,2050.00
b0995c45-26a0-4fb9-b0df-07427662cc21,70,21,3769.00
b0995c45-26a0-4fb9-b0df-07427662cc21,72,21,5695.00
b0995c45-26a0-4fb9-b0df-07427662cc21,74,21,6610.00
b0995c45-26a0-4fb9-b0df-07427662cc21,76,21,8173.00
b0995c45-26a0-4fb9-b0df-07427662cc21,78,21,9096.00
b0995c45-26a0-4fb9-b0df-07427662cc21,80,21,10004.00
b0995c45-26a0-4fb9-b0df-07427662cc21,85,21,15008.00
b0995c45-26a0-4fb9-b0df-07427662cc21,90,21,20008.00
b0995c45-26a0-4fb9-b0df-07427662cc21,40,28,2279.00
b0995c45-26a0-4fb9-b0df-07427662cc21,60,28,2620.00
b0995c45-26a0-4fb9-b0df-07427662cc21,70,28,4638.00
b0995c45-26a0-4fb9-b0df-07427662cc21,72,28,6896.00
b0995c45-26a0-4fb9-b0df-07427662cc21,74,28,7934.00
b0995c45-26a0-4fb9-b0df-07427662cc21,76,28,9285.00
b0995c45-26a0-4fb9-b0df-07427662cc21,78,28,10607.00
b0995c45-26a0-4fb9-b0df-07427662cc21,80,28,11758.00
b0995c45-26a0-4fb9-b0df-07427662cc21,85,28,17640.00
b0995c45-26a0-4fb9-b0df-07427662cc21,90,28,23519.00
b0995c45-26a0-4fb9-b0df-07427662cc21,40,35,2721.00
b0995c45-26a0-4fb9-b0df-07427662cc21,60,35,3092.00
b0995c45-26a0-4fb9-b0df-07427662cc21,70,35,5703.00
b0995c45-26a0-4fb9-b0df-07427662cc21,72,35,7669.00
b0995c45-26a0-4fb9-b0df-07427662cc21,74,35,8914.00
b0995c45-26a0-4fb9-b0df-07427662cc21,76,35,10099.00
b0995c45-26a0-4fb9-b0df-07427662cc21,78,35,12784.00
b0995c45-26a0-4fb9-b0df-07427662cc21,80,35,14642.00
b0995c45-26a0-4fb9-b0df-07427662cc21,85,35,21964.00
b0995c45-26a0-4fb9-b0df-07427662cc21,90,35,29284.00
b0995c45-26a0-4fb9-b0df-07427662cc21,40,47,3293.00
b0995c45-26a0-4fb9-b0df-07427662cc21,60,47,3845.00
b0995c45-26a0-4fb9-b0df-07427662cc21,70,47,7079.00
b0995c45-26a0-4fb9-b0df-07427662cc21,72,47,8733.00
b0995c45-26a0-4fb9-b0df-07427662cc21,74,47,11370.00
b0995c45-26a0-4fb9-b0df-07427662cc21,76,47,14101.00
b0995c45-26a0-4fb9-b0df-07427662cc21,78,47,17475.00
b0995c45-26a0-4fb9-b0df-07427662cc21,80,47,19870.00
b0995c45-26a0-4fb9-b0df-07427662cc21,85,47,29802.00
b0995c45-26a0-4fb9-b0df-07427662cc21,90,47,39737.00
b0995c45-26a0-4fb9-b0df-07427662cc21,40,60,3984.00
b0995c45-26a0-4fb9-b0df-07427662cc21,60,60,5744.00
b0995c45-26a0-4fb9-b0df-07427662cc21,70,60,8773.00
b0995c45-26a0-4fb9-b0df-07427662cc21,72,60,12559.00
b0995c45-26a0-4fb9-b0df-07427662cc21,74,60,17253.00
b0995c45-26a0-4fb9-b0df-07427662cc21,76,60,19500.00
b0995c45-26a0-4fb9-b0df-07427662cc21,78,60,23312.00
b0995c45-26a0-4fb9-b0df-07427662cc21,80,60,26748.00
b0995c45-26a0-4fb9-b0df-07427662cc21,85,60,40123.00
b0995c45-26a0-4fb9-b0df-07427662cc21,90,60,53498.00
b0995c45-26a0-4fb9-b0df-07427662cc21,40,75,5639.00
b0995c45-26a0-4fb9-b0df-07427662cc21,60,75,8073.00
b0995c45-26a0-4fb9-b0df-07427662cc21,70,75,11303.00
b0995c45-26a0-4fb9-b0df-07427662cc21,72,75,14802.00
b0995c45-26a0-4fb9-b0df-07427662cc21,74,75,20539.00
b0995c45-26a0-4fb9-b0df-07427662cc21,76,75,22382.00
b0995c45-26a0-4fb9-b0df-07427662cc21,78,75,31965.00
b0995c45-26a0-4fb9-b0df-07427662cc21,80,75,32791.00
b0995c45-26a0-4fb9-b0df-07427662cc21,85,75,49187.00
b0995c45-26a0-4fb9-b0df-07427662cc21,90,75,65583.00
b0995c45-26a0-4fb9-b0df-07427662cc21,40,90,6967.00
b0995c45-26a0-4fb9-b0df-07427662cc21,60,90,9400.00
b0995c45-26a0-4fb9-b0df-07427662cc21,70,90,13442.00
b0995c45-26a0-4fb9-b0df-07427662cc21,72,90,20508.00
b0995c45-26a0-4fb9-b0df-07427662cc21,74,90,24178.00
b0995c45-26a0-4fb9-b0df-07427662cc21,76,90,26212.00
b0995c45-26a0-4fb9-b0df-07427662cc21,78,90,36769.00
b0995c45-26a0-4fb9-b0df-07427662cc21,80,90,37417.00
b0995c45-26a0-4fb9-b0df-07427662cc21,85,90,56127.00
b0995c45-26a0-4fb9-b0df-07427662cc21,90,90,74838.00
b0995c45-26a0-4fb9-b0df-07427662cc21,40,105,7704.00
b0995c45-26a0-4fb9-b0df-07427662cc21,60,105,11094.00
b0995c45-26a0-4fb9-b0df-07427662cc21,70,105,19874.00
b0995c45-26a0-4fb9-b0df-07427662cc21,72,105,24913.00
b0995c45-26a0-4fb9-b0df-07427662cc21,74,105,30571.00
b0995c45-26a0-4fb9-b0df-07427662cc21,76,105,41235.00
b0995c45-26a0-4fb9-b0df-07427662cc21,78,105,46374.00
b0995c45-26a0-4fb9-b0df-07427662cc21,80,105,53571.00
b0995c45-26a0-4fb9-b0df-07427662cc21,85,105,80355.00
b0995c45-26a0-4fb9-b0df-07427662cc21,90,105,107142.00
b0995c45-26a0-4fb9-b0df-07427662cc21,40,120,8862.00
b0995c45-26a0-4fb9-b0df-07427662cc21,60,120,11647.00
b0995c45-26a0-4fb9-b0df-07427662cc21,70,120,20897.00
b0995c45-26a0-4fb9-b0df-07427662cc21,72,120,30066.00
b0995c45-26a0-4fb9-b0df-07427662cc21,74,120,35141.00
b0995c45-26a0-4fb9-b0df-07427662cc21,76,120,42805.00
b0995c45-26a0-4fb9-b0df-07427662cc21,78,120,50980.00
b0995c45-26a0-4fb9-b0df-07427662cc21,80,120,60599.00
b0995c45-26a0-4fb9-b0df-07427662cc21,85,120,90898.00
b0995c45-26a0-4fb9-b0df-07427662cc21,90,120,121197.00
b0995c45-26a0-4fb9-b0df-07427662cc21,40,140,9725.00
b0995c45-26a0-4fb9-b0df-07427662cc21,60,140,12939.00
b0995c45-26a0-4fb9-b0df-07427662cc21,70,140,28522.00
b0995c45-26a0-4fb9-b0df-07427662cc21,72,140,44158.00
b0995c45-26a0-4fb9-b0df-07427662cc21,74,140,45707.00
b0995c45-26a0-4fb9-b0df-07427662cc21,76,140,56022.00
b0995c45-26a0-4fb9-b0df-07427662cc21,78,140,60597.00
b0995c45-26a0-4fb9-b0df-07427662cc21,80,140,67876.00
b0995c45-26a0-4fb9-b0df-07427662cc21,85,140,101813.00
b0995c45-26a0-4fb9-b0df-07427662cc21,90,140,135751.00
b0995c45-26a0-4fb9-b0df-07427662cc21,40,160,10084.00
b0995c45-26a0-4fb9-b0df-07427662cc21,60,160,13236.00
b0995c45-26a0-4fb9-b0df-07427662cc21,70,160,30340.00
b0995c45-26a0-4fb9-b0df-07427662cc21,72,160,47895.00
b0995c45-26a0-4fb9-b0df-07427662cc21,74,160,49286.00
b0995c45-26a0-4fb9-b0df-07427662cc21,76,160,59575.00
b0995c45-26a0-4fb9-b0df-07427662cc21,78,160,63574.00
b0995c45-26a0-4fb9-b0df-07427662cc21,80,160,74472.00
b0995c45-26a0-4fb9-b0df-07427662cc21,85,160,111710.00
b0995c45-26a0-4fb9-b0df-07427662cc21,90,160,148945.00
b0995c45-26a0-4fb9-b0df-07427662cc21,40,180,11510.00
b0995c45-26a0-4fb9-b0df-07427662cc21,60,180,14058.00
b0995c45-26a0-4fb9-b0df-07427662cc21,70,180,33340.00
b0995c45-26a0-4fb9-b0df-07427662cc21,72,180,56501.00
b0995c45-26a0-4fb9-b0df-07427662cc21,74,180,56954.00
b0995c45-26a0-4fb9-b0df-07427662cc21,76,180,66220.00
b0995c45-26a0-4fb9-b0df-07427662cc21,78,180,77761.00
b0995c45-26a0-4fb9-b0df-07427662cc21,80,180,83511.00
b0995c45-26a0-4fb9-b0df-07427662cc21,85,180,125267.00
b0995c45-26a0-4fb9-b0df-07427662cc21,90,180,167022.00
3116d14d-1c04-4af9-a32b-86ef5f949d8e,40,4,658.00
3116d14d-1c04-4af9-a32b-86ef5f949d8e,60,4,727.00
3116d14d-1c04-4af9-a32b-86ef5f949d8e,70,4,982.00
3116d14d-1c04-4af9-a32b-86ef5f949d8e,72,4,1230.00
3116d14d-1c04-4af9-a32b-86ef5f949d8e,74,4,1636.00
3116d14d-1c04-4af9-a32b-86ef5f949d8e,76,4,1737.00
3116d14d-1c04-4af9-a32b-86ef5f949d8e,78,4,2039.00
3116d14d-1c04-4af9-a32b-86ef5f949d8e,80,4,2356.00
3116d14d-1c04-4af9-a32b-86ef5f949d8e,85,4,3533.00
3116d14d-1c04-4af9-a32b-86ef5f949d8e,90,4,4709.00
3116d14d-1c04-4af9-a32b-86ef5f949d8e,40,6,727.00
3116d14d-1c04-4af9-a32b-86ef5f949d8e,60,6,802.00
3116d14d-1c04-4af9-a32b-86ef5f949d8e,70,6,1088.00
3116d14d-1c04-4af9-a32b-86ef5f949d8e,72,6,1663.00
3116d14d-1c04-4af9-a32b-86ef5f949d8e,74,6,1786.00
3116d14d-1c04-4af9-a32b-86ef5f949d8e,76,6,1980.00
3116d14d-1c04-4af9-a32b-86ef5f949d8e,78,6,2397.00
3116d14d-1c04-4af9-a32b-86ef5f949d8e,80,6,2539.00
3116d14d-1c04-4af9-a32b-86ef5f949d8e,85,6,3808.00
3116d14d-1c04-4af9-a32b-86ef5f949d8e,90,6,5078.00
3116d14d-1c04-4af9-a32b-86ef5f949d8e,40,8,871.00
3116d14d-1c04-4af9-a32b-86ef5f949d8e,60,8,951.00
3116d14d-1c04-4af9-a32b-86ef5f949d8e,70,8,1368.00
3116d14d-1c04-4af9-a32b-86ef5f949d8e,72,8,1733.00
3116d14d-1c04-4af9-a32b-86ef5f949d8e,74,8,1852.00
3116d14d-1c04-4af9-a32b-86ef5f949d8e,76,8,2096.00
3116d14d-1c04-4af9-a32b-86ef5f949d8e,78,8,2520.00
3116d14d-1c04-4af9-a32b-86ef5f949d8e,80,8,2739.00
3116d14d-1c04-4af9-a32b-86ef5f949d8e,85,8,4110.00
3116d14d-1c04-4af9-a32b-86ef5f949d8e,90,8,5479.00
3116d14d-1c04-4af9-a32b-86ef5f949d8e,40,12,1035.00
3116d14d-1c04-4af9-a32b-86ef5f949d8e,60,12,1080.00
3116d14d-1c04-4af9-a32b-86ef5f949d8e,70,12,1663.00
3116d14d-1c04-4af9-a32b-86ef5f949d8e,72,12,2190.00
3116d14d-1c04-4af9-a32b-86ef5f949d8e,74,12,2421.00
3116d14d-1c04-4af9-a32b-86ef5f949d8e,76,12,2730.00
3116d14d-1c04-4af9-a32b-86ef5f949d8e,78,12,3402.00
3116d14d-1c04-4af9-a32b-86ef5f949d8e,80,12,3557.00
3116d14d-1c04-4af9-a32b-86ef5f949d8e,85,12,5334.00
3116d14d-1c04-4af9-a32b-86ef5f949d8e,90,12,7112.00
3116d14d-1c04-4af9-a32b-86ef5f949d8e,40,14,1078.00
3116d14d-1c04-4af9-a32b-86ef5f949d8e,60,14,1105.00
3116d14d-1c04-4af9-a32b-86ef5f949d8e,70,14,1759.00
3116d14d-1c04-4af9-a32b-86ef5f949d8e,72,14,2295.00
3116d14d-1c04-4af9-a32b-86ef5f949d8e,74,14,2518.00
3116d14d-1c04-4af9-a32b-86ef5f949d8e,76,14,2933.00
3116d14d-1c04-4af9-a32b-86ef5f949d8e,78,14,3499.00
3116d14d-1c04-4af9-a32b-86ef5f949d8e,80,14,3806.00
3116d14d-1c04-4af9-a32b-86ef5f949d8e,85,14,5709.00
3116d14d-1c04-4af9-a32b-86ef5f949d8e,90,14,7613.00
3116d14d-1c04-4af9-a32b-86ef5f949d8e,40,21,1194.00
3116d14d-1c04-4af9-a32b-86ef5f949d8e,60,21,1345.00
3116d14d-1c04-4af9-a32b-86ef5f949d8e,70,21,2140.00
3116d14d-1c04-4af9-a32b-86ef5f949d8e,72,21,2616.00
3116d14d-1c04-4af9-a32b-86ef5f949d8e,74,21,3377.00
3116d14d-1c04-4af9-a32b-86ef5f949d8e,76,21,3674.00
3116d14d-1c04-4af9-a32b-86ef5f949d8e,78,21,4023.00
3116d14d-1c04-4af9-a32b-86ef5f949d8e,80,21,4211.00
3116d14d-1c04-4af9-a32b-86ef5f949d8e,85,21,6314.00
3116d14d-1c04-4af9-a32b-86ef5f949d8e,90,21,8420.00
3116d14d-1c04-4af9-a32b-86ef5f949d8e,40,28,1350.00
3116d14d-1c04-4af9-a32b-86ef5f949d8e,60,28,1550.00
3116d14d-1c04-4af9-a32b-86ef5f949d8e,70,28,2848.00
3116d14d-1c04-4af9-a32b-86ef5f949d8e,72,28,2977.00
3116d14d-1c04-4af9-a32b-86ef5f949d8e,74,28,3790.00
3116d14d-1c04-4af9-a32b-86ef5f949d8e,76,28,4422.00
3116d14d-1c04-4af9-a32b-86ef5f949d8e,78,28,4883.00
3116d14d-1c04-4af9-a32b-86ef5f949d8e,80,28,5096.00
3116d14d-1c04-4af9-a32b-86ef5f949d8e,85,28,7646.00
3116d14d-1c04-4af9-a32b-86ef5f949d8e,90,28,10194.00
3116d14d-1c04-4af9-a32b-86ef5f949d8e,40,35,1623.00
3116d14d-1c04-4af9-a32b-86ef5f949d8e,60,35,1806.00
3116d14d-1c04-4af9-a32b-86ef5f949d8e,70,35,3199.00
3116d14d-1c04-4af9-a32b-86ef5f949d8e,72,35,3874.00
3116d14d-1c04-4af9-a32b-86ef5f949d8e,74,35,4426.00
3116d14d-1c04-4af9-a32b-86ef5f949d8e,76,35,4846.00
3116d14d-1c04-4af9-a32b-86ef5f949d8e,78,35,5968.00
3116d14d-1c04-4af9-a32b-86ef5f949d8e,80,35,6160.00
3116d14d-1c04-4af9-a32b-86ef5f949d8e,85,35,9239.00
3116d14d-1c04-4af9-a32b-86ef5f949d8e,90,35,12320.00
3116d14d-1c04-4af9-a32b-86ef5f949d8e,40,47,1922.00
3116d14d-1c04-4af9-a32b-86ef5f949d8e,60,47,2153.00
3116d14d-1c04-4af9-a32b-86ef5f949d8e,70,47,4158.00
3116d14d-1c04-4af9-a32b-86ef5f949d8e,72,47,4265.00
3116d14d-1c04-4af9-a32b-86ef5f949d8e,74,47,5423.00
3116d14d-1c04-4af9-a32b-86ef5f949d8e,76,47,6358.00
3116d14d-1c04-4af9-a32b-86ef5f949d8e,78,47,7419.00
3116d14d-1c04-4af9-a32b-86ef5f949d8e,80,47,7628.00
3116d14d-1c04-4af9-a32b-86ef5f949d8e,85,47,11442.00
3116d14d-1c04-4af9-a32b-86ef5f949d8e,90,47,15255.00
3116d14d-1c04-4af9-a32b-86ef5f949d8e,40,60,2152.00
3116d14d-1c04-4af9-a32b-86ef5f949d8e,60,60,2555.00
3116d14d-1c04-4af9-a32b-86ef5f949d8e,70,60,5094.00
3116d14d-1c04-4af9-a32b-86ef5f949d8e,72,60,5807.00
3116d14d-1c04-4af9-a32b-86ef5f949d8e,74,60,6491.00
3116d14d-1c04-4af9-a32b-86ef5f949d8e,76,60,7610.00
3116d14d-1c04-4af9-a32b-86ef5f949d8e,78,60,9197.00
3116d14d-1c04-4af9-a32b-86ef5f949d8e,80,60,9465.00
3116d14d-1c04-4af9-a32b-86ef5f949d8e,85,60,14198.00
3116d14d-1c04-4af9-a32b-86ef5f949d8e,90,60,18929.00
3116d14d-1c04-4af9-a32b-86ef5f949d8e,40,75,2566.00
3116d14d-1c04-4af9-a32b-86ef5f949d8e,60,75,2964.00
3116d14d-1c04-4af9-a32b-86ef5f949d8e,70,75,6822.00
3116d14d-1c04-4af9-a32b-86ef5f949d8e,72,75,6957.00
3116d14d-1c04-4af9-a32b-86ef5f949d8e,74,75,7516.00
3116d14d-1c04-4af9-a32b-86ef5f949d8e,76,75,10371.00
3116d14d-1c04-4af9-a32b-86ef5f949d8e,78,75,11631.00
3116d14d-1c04-4af9-a32b-86ef5f949d8e,80,75,13834.00
3116d14d-1c04-4af9-a32b-86ef5f949d8e,85,75,20751.00
3116d14d-1c04-4af9-a32b-86ef5f949d8e,90,75,27668.00
3116d14d-1c04-4af9-a32b-86ef5f949d8e,40,90,3066.00
3116d14d-1c04-4af9-a32b-86ef5f949d8e,60,90,3695.00
3116d14d-1c04-4af9-a32b-86ef5f949d8e,70,90,7972.00
3116d14d-1c04-4af9-a32b-86ef5f949d8e,72,90,9584.00
3116d14d-1c04-4af9-a32b-86ef5f949d8e,74,90,10108.00
3116d14d-1c04-4af9-a32b-86ef5f949d8e,76,90,11910.00
3116d14d-1c04-4af9-a32b-86ef5f949d8e,78,90,14715.00
3116d14d-1c04-4af9-a32b-86ef5f949d8e,80,90,16370.00
3116d14d-1c04-4af9-a32b-86ef5f949d8e,85,90,24552.00
3116d14d-1c04-4af9-a32b-86ef5f949d8e,90,90,32739.00
3116d14d-1c04-4af9-a32b-86ef5f949d8e,40,105,3932.00
3116d14d-1c04-4af9-a32b-86ef5f949d8e,60,105,4657.00
3116d14d-1c04-4af9-a32b-86ef5f949d8e,70,105,9766.00
3116d14d-1c04-4af9-a32b-86ef5f949d8e,72,105,10904.00
3116d14d-1c04-4af9-a32b-86ef5f949d8e,74,105,14839.00
3116d14d-1c04-4af9-a32b-86ef5f949d8e,76,105,15880.00
3116d14d-1c04-4af9-a32b-86ef5f949d8e,78,105,19507.00
3116d14d-1c04-4af9-a32b-86ef5f949d8e,80,105,23079.00
3116d14d-1c04-4af9-a32b-86ef5f949d8e,85,105,34616.00
3116d14d-1c04-4af9-a32b-86ef5f949d8e,90,105,46157.00
3116d14d-1c04-4af9-a32b-86ef5f949d8e,40,120,4042.00
3116d14d-1c04-4af9-a32b-86ef5f949d8e,60,120,4968.00
3116d14d-1c04-4af9-a32b-86ef5f949d8e,70,120,11026.00
3116d14d-1c04-4af9-a32b-86ef5f949d8e,72,120,13115.00
3116d14d-1c04-4af9-a32b-86ef5f949d8e,74,120,17158.00
3116d14d-1c04-4af9-a32b-86ef5f949d8e,76,120,17423.00
3116d14d-1c04-4af9-a32b-86ef5f949d8e,78,120,22895.00
3116d14d-1c04-4af9-a32b-86ef5f949d8e,80,120,23369.00
3116d14d-1c04-4af9-a32b-86ef5f949d8e,85,120,35051.00
3116d14d-1c04-4af9-a32b-86ef5f949d8e,90,120,46735.00
3116d14d-1c04-4af9-a32b-86ef5f949d8e,40,140,4565.00
3116d14d-1c04-4af9-a32b-86ef5f949d8e,60,140,5732.00
3116d14d-1c04-4af9-a32b-86ef5f949d8e,70,140,13953.00
3116d14d-1c04-4af9-a32b-86ef5f949d8e,72,140,18501.00
3116d14d-1c04-4af9-a32b-86ef5f949d8e,74,140,20482.00
3116d14d-1c04-4af9-a32b-86ef5f949d8e,76,140,23649.00
3116d14d-1c04-4af9-a32b-86ef5f949d8e,78,140,28261.00
3116d14d-1c04-4af9-a32b-86ef5f949d8e,80,140,34334.00
3116d14d-1c04-4af9-a32b-86ef5f949d8e,85,140,51502.00
3116d14d-1c04-4af9-a32b-86ef5f949d8e,90,140,68670.00
3116d14d-1c04-4af9-a32b-86ef5f949d8e,40,160,5120.00
3116d14d-1c04-4af9-a32b-86ef5f949d8e,60,160,5955.00
3116d14d-1c04-4af9-a32b-86ef5f949d8e,70,160,14610.00
3116d14d-1c04-4af9-a32b-86ef5f949d8e,72,160,22478.00
3116d14d-1c04-4af9-a32b-86ef5f949d8e,74,160,24520.00
3116d14d-1c04-4af9-a32b-86ef5f949d8e,76,160,28590.00
3116d14d-1c04-4af9-a32b-86ef5f949d8e,78,160,30098.00
3116d14d-1c04-4af9-a32b-86ef5f949d8e,80,160,36558.00
3116d14d-1c04-4af9-a32b-86ef5f949d8e,85,160,54835.00
3116d14d-1c04-4af9-a32b-86ef5f949d8e,90,160,73116.00
3116d14d-1c04-4af9-a32b-86ef5f949d8e,40,180,5762.00
3116d14d-1c04-4af9-a32b-86ef5f949d8e,60,180,6638.00
3116d14d-1c04-4af9-a32b-86ef5f949d8e,70,180,16518.00
3116d14d-1c04-4af9-a32b-86ef5f949d8e,72,180,25347.00
3116d14d-1c04-4af9-a32b-86ef5f949d8e,74,180,27456.00
3116d14d-1c04-4af9-a32b-86ef5f949d8e,76,180,29261.00
3116d14d-1c04-4af9-a32b-86ef5f949d8e,78,180,31806.00
3116d14d-1c04-4af9-a32b-86ef5f949d8e,80,180,38107.00
3116d14d-1c04-4af9-a32b-86ef5f949d8e,85,180,57159.00
3116d14d-1c04-4af9-a32b-86ef5f949d8e,90,180,76214.00
78ac482c-a158-4f3f-bd2d-328212f48814,40,4,1053.00
78ac482c-a158-4f3f-bd2d-328212f48814,60,4,1245.00
78ac482c-a158-4f3f-bd2d-328212f48814,70,4,1983.00
78ac482c-a158-4f3f-bd2d-328212f48814,72,4,3096.00
78ac482c-a158-4f3f-bd2d-328212f48814,74,4,3314.00
78ac482c-a158-4f3f-bd2d-328212f48814,76,4,3671.00
78ac482c-a158-4f3f-bd2d-328212f48814,78,4,4734.00
78ac482c-a158-4f3f-bd2d-328212f48814,80,4,5207.00
78ac482c-a158-4f3f-bd2d-328212f48814,85,4,7812.00
78ac482c-a158-4f3f-bd2d-328212f48814,90,4,10415.00
78ac482c-a158-4f3f-bd2d-328212f48814,40,6,1166.00
78ac482c-a158-4f3f-bd2d-328212f48814,60,6,1377.00
78ac482c-a158-4f3f-bd2d-328212f48814,70,6,2285.00
78ac482c-a158-4f3f-bd2d-328212f48814,72,6,3431.00
78ac482c-a158-4f3f-bd2d-328212f48814,74,6,3628.00
78ac482c-a158-4f3f-bd2d-328212f48814,76,6,3884.00
78ac482c-a158-4f3f-bd2d-328212f48814,78,6,5297.00
78ac482c-a158-4f3f-bd2d-328212f48814,80,6,5828.00
78ac482c-a158-4f3f-bd2d-328212f48814,85,6,8743.00
78ac482c-a158-4f3f-bd2d-328212f48814,90,6,11657.00
78ac482c-a158-4f3f-bd2d-328212f48814,40,8,1318.00
78ac482c-a158-4f3f-bd2d-328212f48814,60,8,1558.00
78ac482c-a158-4f3f-bd2d-328212f48814,70,8,2529.00
78ac482c-a158-4f3f-bd2d-328212f48814,72,8,3638.00
78ac482c-a158-4f3f-bd2d-328212f48814,74,8,3910.00
78ac482c-a158-4f3f-bd2d-328212f48814,76,8,4174.00
78ac482c-a158-4f3f-bd2d-328212f48814,78,8,5537.00
78ac482c-a158-4f3f-bd2d-328212f48814,80,8,6091.00
78ac482c-a158-4f3f-bd2d-328212f48814,85,8,9136.00
78ac482c-a158-4f3f-bd2d-328212f48814,90,8,12182.00
78ac482c-a158-4f3f-bd2d-328212f48814,40,12,1632.00
78ac482c-a158-4f3f-bd2d-328212f48814,60,12,1995.00
78ac482c-a158-4f3f-bd2d-328212f48814,70,12,3182.00
78ac482c-a158-4f3f-bd2d-328212f48814,72,12,4504.00
78ac482c-a158-4f3f-bd2d-328212f48814,74,12,4899.00
78ac482c-a158-4f3f-bd2d-328212f48814,76,12,5394.00
78ac482c-a158-4f3f-bd2d-328212f48814,78,12,6297.00
78ac482c-a158-4f3f-bd2d-328212f48814,80,12,6927.00
78ac482c-a158-4f3f-bd2d-328212f48814,85,12,10391.00
78ac482c-a158-4f3f-bd2d-328212f48814,90,12,13854.00
78ac482c-a158-4f3f-bd2d-328212f48814,40,14,1741.00
78ac482c-a158-4f3f-bd2d-328212f48814,60,14,2098.00
78ac482c-a158-4f3f-bd2d-328212f48814,70,14,3468.00
78ac482c-a158-4f3f-bd2d-328212f48814,72,14,5131.00
78ac482c-a158-4f3f-bd2d-328212f48814,74,14,5286.00
78ac482c-a158-4f3f-bd2d-328212f48814,76,14,6492.00
78ac482c-a158-4f3f-bd2d-328212f48814,78,14,7132.00
78ac482c-a158-4f3f-bd2d-328212f48814,80,14,7844.00
78ac482c-a158-4f3f-bd2d-328212f48814,85,14,11768.00
78ac482c-a158-4f3f-bd2d-328212f48814,90,14,15690.00
78ac482c-a158-4f3f-bd2d-328212f48814,40,21,2085.00
78ac482c-a158-4f3f-bd2d-328212f48814,60,21,2505.00
78ac482c-a158-4f3f-bd2d-328212f48814,70,21,4659.00
78ac482c-a158-4f3f-bd2d-328212f48814,72,21,6039.00
78ac482c-a158-4f3f-bd2d-328212f48814,74,21,6232.00
78ac482c-a158-4f3f-bd2d-328212f48814,76,21,7692.00
78ac482c-a158-4f3f-bd2d-328212f48814,78,21,8004.00
78ac482c-a158-4f3f-bd2d-328212f48814,80,21,8804.00
78ac482c-a158-4f3f-bd2d-328212f48814,85,21,13209.00
78ac482c-a158-4f3f-bd2d-328212f48814,90,21,17610.00
78ac482c-a158-4f3f-bd2d-328212f48814,40,28,2507.00
78ac482c-a158-4f3f-bd2d-328212f48814,60,28,2919.00
78ac482c-a158-4f3f-bd2d-328212f48814,70,28,5937.00
78ac482c-a158-4f3f-bd2d-328212f48814,72,28,7588.00
78ac482c-a158-4f3f-bd2d-328212f48814,74,28,7758.00
78ac482c-a158-4f3f-bd2d-328212f48814,76,28,9666.00
78ac482c-a158-4f3f-bd2d-328212f48814,78,28,10246.00
78ac482c-a158-4f3f-bd2d-328212f48814,80,28,11270.00
78ac482c-a158-4f3f-bd2d-328212f48814,85,28,16907.00
78ac482c-a158-4f3f-bd2d-328212f48814,90,28,22543.00
78ac482c-a158-4f3f-bd2d-328212f48814,40,35,3013.00
78ac482c-a158-4f3f-bd2d-328212f48814,60,35,3418.00
78ac482c-a158-4f3f-bd2d-328212f48814,70,35,7441.00
78ac482c-a158-4f3f-bd2d-328212f48814,72,35,8438.00
78ac482c-a158-4f3f-bd2d-328212f48814,74,35,9168.00
78ac482c-a158-4f3f-bd2d-328212f48814,76,35,10859.00
78ac482c-a158-4f3f-bd2d-328212f48814,78,35,12606.00
78ac482c-a158-4f3f-bd2d-328212f48814,80,35,15558.00
78ac482c-a158-4f3f-bd2d-328212f48814,85,35,23338.00
78ac482c-a158-4f3f-bd2d-328212f48814,90,35,31115.00
78ac482c-a158-4f3f-bd2d-328212f48814,40,47,3704.00
78ac482c-a158-4f3f-bd2d-328212f48814,60,47,4228.00
78ac482c-a158-4f3f-bd2d-328212f48814,70,47,8581.00
78ac482c-a158-4f3f-bd2d-328212f48814,72,47,10439.00
78ac482c-a158-4f3f-bd2d-328212f48814,74,47,10621.00
78ac482c-a158-4f3f-bd2d-328212f48814,76,47,12002.00
78ac482c-a158-4f3f-bd2d-328212f48814,78,47,15218.00
78ac482c-a158-4f3f-bd2d-328212f48814,80,47,16739.00
78ac482c-a158-4f3f-bd2d-328212f48814,85,47,25109.00
78ac482c-a158-4f3f-bd2d-328212f48814,90,47,33478.00
78ac482c-a158-4f3f-bd2d-328212f48814,40,60,4622.00
78ac482c-a158-4f3f-bd2d-328212f48814,60,60,6248.00
78ac482c-a158-4f3f-bd2d-328212f48814,70,60,10881.00
78ac482c-a158-4f3f-bd2d-328212f48814,72,60,12727.00
78ac482c-a158-4f3f-bd2d-328212f48814,74,60,16904.00
78ac482c-a158-4f3f-bd2d-328212f48814,76,60,19829.00
78ac482c-a158-4f3f-bd2d-328212f48814,78,60,24148.00
78ac482c-a158-4f3f-bd2d-328212f48814,80,60,31024.00
78ac482c-a158-4f3f-bd2d-328212f48814,85,60,46535.00
78ac482c-a158-4f3f-bd2d-328212f48814,90,60,62047.00
78ac482c-a158-4f3f-bd2d-328212f48814,40,75,6199.00
78ac482c-a158-4f3f-bd2d-328212f48814,60,75,8996.00
78ac482c-a158-4f3f-bd2d-328212f48814,70,75,14306.00
78ac482c-a158-4f3f-bd2d-328212f48814,72,75,15218.00
78ac482c-a158-4f3f-bd2d-328212f48814,74,75,21023.00
78ac482c-a158-4f3f-bd2d-328212f48814,76,75,21938.00
78ac482c-a158-4f3f-bd2d-328212f48814,78,75,32343.00
78ac482c-a158-4f3f-bd2d-328212f48814,80,75,32838.00
78ac482c-a158-4f3f-bd2d-328212f48814,85,75,49258.00
78ac482c-a158-4f3f-bd2d-328212f48814,90,75,65678.00
78ac482c-a158-4f3f-bd2d-328212f48814,40,90,7246.00
78ac482c-a158-4f3f-bd2d-328212f48814,60,90,9291.00
78ac482c-a158-4f3f-bd2d-328212f48814,70,90,16318.00
78ac482c-a158-4f3f-bd2d-328212f48814,72,90,21506.00
78ac482c-a158-4f3f-bd2d-328212f48814,74,90,25867.00
78ac482c-a158-4f3f-bd2d-328212f48814,76,90,32996.00
78ac482c-a158-4f3f-bd2d-328212f48814,78,90,38740.00
78ac482c-a158-4f3f-bd2d-328212f48814,80,90,46176.00
78ac482c-a158-4f3f-bd2d-328212f48814,85,90,69266.00
78ac482c-a158-4f3f-bd2d-328212f48814,90,90,92354.00
78ac482c-a158-4f3f-bd2d-328212f48814,40,105,9273.00
78ac482c-a158-4f3f-bd2d-328212f48814,60,105,11054.00
78ac482c-a158-4f3f-bd2d-328212f48814,70,105,20864.00
78ac482c-a158-4f3f-bd2d-328212f48814,72,105,30548.00
78ac482c-a158-4f3f-bd2d-328212f48814,74,105,32092.00
78ac482c-a158-4f3f-bd2d-328212f48814,76,105,35025.00
78ac482c-a158-4f3f-bd2d-328212f48814,78,105,45187.00
78ac482c-a158-4f3f-bd2d-328212f48814,80,105,50000.00
78ac482c-a158-4f3f-bd2d-328212f48814,85,105,75002.00
78ac482c-a158-4f3f-bd2d-328212f48814,90,105,100002.00
78ac482c-a158-4f3f-bd2d-328212f48814,40,120,9736.00
78ac482c-a158-4f3f-bd2d-328212f48814,60,120,11771.00
78ac482c-a158-4f3f-bd2d-328212f48814,70,120,22427.00
78ac482c-a158-4f3f-bd2d-328212f48814,72,120,32033.00
78ac482c-a158-4f3f-bd2d-328212f48814,74,120,39028.00
78ac482c-a158-4f3f-bd2d-328212f48814,76,120,45130.00
78ac482c-a158-4f3f-bd2d-328212f48814,78,120,55286.00
78ac482c-a158-4f3f-bd2d-328212f48814,80,120,60970.00
78ac482c-a158-4f3f-bd2d-328212f48814,85,120,91454.00
78ac482c-a158-4f3f-bd2d-328212f48814,90,120,121939.00
78ac482c-a158-4f3f-bd2d-328212f48814,40,140,11922.00
78ac482c-a158-4f3f-bd2d-328212f48814,60,140,16738.00
78ac482c-a158-4f3f-bd2d-328212f48814,70,140,31220.00
78ac482c-a158-4f3f-bd2d-328212f48814,72,140,44340.00
78ac482c-a158-4f3f-bd2d-328212f48814,74,140,47446.00
78ac482c-a158-4f3f-bd2d-328212f48814,76,140,50791.00
78ac482c-a158-4f3f-bd2d-328212f48814,78,140,63258.00
78ac482c-a158-4f3f-bd2d-328212f48814,80,140,67923.00
78ac482c-a158-4f3f-bd2d-328212f48814,85,140,101885.00
78ac482c-a158-4f3f-bd2d-328212f48814,90,140,135847.00
78ac482c-a158-4f3f-bd2d-328212f48814,40,160,12414.00
78ac482c-a158-4f3f-bd2d-328212f48814,60,160,18094.00
78ac482c-a158-4f3f-bd2d-328212f48814,70,160,34897.00
78ac482c-a158-4f3f-bd2d-328212f48814,72,160,55855.00
78ac482c-a158-4f3f-bd2d-328212f48814,74,160,56702.00
78ac482c-a158-4f3f-bd2d-328212f48814,76,160,64280.00
78ac482c-a158-4f3f-bd2d-328212f48814,78,160,77053.00
78ac482c-a158-4f3f-bd2d-328212f48814,80,160,82823.00
78ac482c-a158-4f3f-bd2d-328212f48814,85,160,124233.00
78ac482c-a158-4f3f-bd2d-328212f48814,90,160,165645.00
78ac482c-a158-4f3f-bd2d-328212f48814,40,180,15126.00
78ac482c-a158-4f3f-bd2d-328212f48814,60,180,19139.00
78ac482c-a158-4f3f-bd2d-328212f48814,70,180,37625.00
78ac482c-a158-4f3f-bd2d-328212f48814,72,180,56367.00
78ac482c-a158-4f3f-bd2d-328212f48814,74,180,66678.00
78ac482c-a158-4f3f-bd2d-328212f48814,76,180,76373.00
78ac482c-a158-4f3f-bd2d-328212f48814,78,180,91272.00
78ac482c-a158-4f3f-bd2d-328212f48814,80,180,96778.00
78ac482c-a158-4f3f-bd2d-328212f48814,85,180,145166.00
78ac482c-a158-4f3f-bd2d-328212f48814,90,180,193556.00
a529ead1-fe15-4d45-988c-c1b6ca143822,40,4,838.00
a529ead1-fe15-4d45-988c-c1b6ca143822,60,4,934.00
a529ead1-fe15-4d45-988c-c1b6ca143822,40,6,927.00
a529ead1-fe15-4d45-988c-c1b6ca143822,60,6,1035.00
a529ead1-fe15-4d45-988c-c1b6ca143822,40,8,1047.00
a529ead1-fe15-4d45-988c-c1b6ca143822,60,8,1169.00
a529ead1-fe15-4d45-988c-c1b6ca143822,40,12,1185.00
a529ead1-fe15-4d45-988c-c1b6ca143822,60,12,1373.00
a529ead1-fe15-4d45-988c-c1b6ca143822,40,14,1351.00
a529ead1-fe15-4d45-988c-c1b6ca143822,60,14,1431.00
a529ead1-fe15-4d45-988c-c1b6ca143822,40,21,1515.00
a529ead1-fe15-4d45-988c-c1b6ca143822,60,21,1682.00
a529ead1-fe15-4d45-988c-c1b6ca143822,40,28,1878.00
a529ead1-fe15-4d45-988c-c1b6ca143822,60,28,2158.00
a529ead1-fe15-4d45-988c-c1b6ca143822,40,35,2244.00
a529ead1-fe15-4d45-988c-c1b6ca143822,60,35,2548.00
a529ead1-fe15-4d45-988c-c1b6ca143822,40,47,2713.00
a529ead1-fe15-4d45-988c-c1b6ca143822,60,47,3168.00
a529ead1-fe15-4d45-988c-c1b6ca143822,40,60,3282.00
a529ead1-fe15-4d45-988c-c1b6ca143822,60,60,4736.00
a529ead1-fe15-4d45-988c-c1b6ca143822,40,75,4627.00
a529ead1-fe15-4d45-988c-c1b6ca143822,60,75,6690.00
a529ead1-fe15-4d45-988c-c1b6ca143822,40,90,5797.00
a529ead1-fe15-4d45-988c-c1b6ca143822,60,90,7821.00
a529ead1-fe15-4d45-988c-c1b6ca143822,40,105,6385.00
a529ead1-fe15-4d45-988c-c1b6ca143822,60,105,9193.00
a529ead1-fe15-4d45-988c-c1b6ca143822,40,120,7345.00
a529ead1-fe15-4d45-988c-c1b6ca143822,60,120,9652.00
a529ead1-fe15-4d45-988c-c1b6ca143822,40,140,8271.00
a529ead1-fe15-4d45-988c-c1b6ca143822,60,140,10722.00
a529ead1-fe15-4d45-988c-c1b6ca143822,40,160,8575.00
a529ead1-fe15-4d45-988c-c1b6ca143822,60,160,10969.00
a529ead1-fe15-4d45-988c-c1b6ca143822,40,180,9788.00
a529ead1-fe15-4d45-988c-c1b6ca143822,60,180,11957.00
6261df93-b406-47d4-a3de-aff5f787a53f,40,4,632.00
6261df93-b406-47d4-a3de-aff5f787a53f,60,4,698.00
6261df93-b406-47d4-a3de-aff5f787a53f,40,6,698.00
6261df93-b406-47d4-a3de-aff5f787a53f,60,6,770.00
6261df93-b406-47d4-a3de-aff5f787a53f,40,8,836.00
6261df93-b406-47d4-a3de-aff5f787a53f,60,8,913.00
6261df93-b406-47d4-a3de-aff5f787a53f,40,12,994.00
6261df93-b406-47d4-a3de-aff5f787a53f,60,12,1037.00
6261df93-b406-47d4-a3de-aff5f787a53f,40,14,1035.00
6261df93-b406-47d4-a3de-aff5f787a53f,60,14,1061.00
6261df93-b406-47d4-a3de-aff5f787a53f,40,21,1146.00
6261df93-b406-47d4-a3de-aff5f787a53f,60,21,1291.00
6261df93-b406-47d4-a3de-aff5f787a53f,40,28,1296.00
6261df93-b406-47d4-a3de-aff5f787a53f,60,28,1488.00
6261df93-b406-47d4-a3de-aff5f787a53f,40,35,1558.00
6261df93-b406-47d4-a3de-aff5f787a53f,60,35,1734.00
6261df93-b406-47d4-a3de-aff5f787a53f,40,47,1845.00
6261df93-b406-47d4-a3de-aff5f787a53f,60,47,2067.00
6261df93-b406-47d4-a3de-aff5f787a53f,40,60,2066.00
6261df93-b406-47d4-a3de-aff5f787a53f,60,60,2453.00
6261df93-b406-47d4-a3de-aff5f787a53f,40,75,2463.00
6261df93-b406-47d4-a3de-aff5f787a53f,60,75,2845.00
6261df93-b406-47d4-a3de-aff5f787a53f,40,90,2943.00
6261df93-b406-47d4-a3de-aff5f787a53f,60,90,3547.00
6261df93-b406-47d4-a3de-aff5f787a53f,40,105,3775.00
6261df93-b406-47d4-a3de-aff5f787a53f,60,105,4471.00
6261df93-b406-47d4-a3de-aff5f787a53f,40,120,3880.00
6261df93-b406-47d4-a3de-aff5f787a53f,60,120,4769.00
6261df93-b406-47d4-a3de-aff5f787a53f,40,140,4382.00
6261df93-b406-47d4-a3de-aff5f787a53f,60,140,5503.00
6261df93-b406-47d4-a3de-aff5f787a53f,40,160,4915.00
6261df93-b406-47d4-a3de-aff5f787a53f,60,160,5717.00
6261df93-b406-47d4-a3de-aff5f787a53f,40,180,5532.00
6261df93-b406-47d4-a3de-aff5f787a53f,60,180,6372.00
c1be18cb-b35f-40a5-a2b0-acba16a60f25,40,4,1011.00
c1be18cb-b35f-40a5-a2b0-acba16a60f25,60,4,1195.00
c1be18cb-b35f-40a5-a2b0-acba16a60f25,40,6,1119.00
c1be18cb-b35f-40a5-a2b0-acba16a60f25,60,6,1322.00
c1be18cb-b35f-40a5-a2b0-acba16a60f25,40,8,1265.00
c1be18cb-b35f-40a5-a2b0-acba16a60f25,60,8,1496.00
c1be18cb-b35f-40a5-a2b0-acba16a60f25,40,12,1567.00
c1be18cb-b35f-40a5-a2b0-acba16a60f25,60,12,1915.00
c1be18cb-b35f-40a5-a2b0-acba16a60f25,40,14,1671.00
c1be18cb-b35f-40a5-a2b0-acba16a60f25,60,14,2014.00
c1be18cb-b35f-40a5-a2b0-acba16a60f25,40,21,2002.00
c1be18cb-b35f-40a5-a2b0-acba16a60f25,60,21,2405.00
c1be18cb-b35f-40a5-a2b0-acba16a60f25,40,28,2407.00
c1be18cb-b35f-40a5-a2b0-acba16a60f25,60,28,2802.00
c1be18cb-b35f-40a5-a2b0-acba16a60f25,40,35,2892.00
c1be18cb-b35f-40a5-a2b0-acba16a60f25,60,35,3281.00
c1be18cb-b35f-40a5-a2b0-acba16a60f25,40,47,3556.00
c1be18cb-b35f-40a5-a2b0-acba16a60f25,60,47,4059.00
c1be18cb-b35f-40a5-a2b0-acba16a60f25,40,60,4437.00
c1be18cb-b35f-40a5-a2b0-acba16a60f25,60,60,5998.00
c1be18cb-b35f-40a5-a2b0-acba16a60f25,40,75,5951.00
c1be18cb-b35f-40a5-a2b0-acba16a60f25,60,75,8636.00
c1be18cb-b35f-40a5-a2b0-acba16a60f25,40,90,6956.00
c1be18cb-b35f-40a5-a2b0-acba16a60f25,60,90,8919.00
c1be18cb-b35f-40a5-a2b0-acba16a60f25,40,105,8902.00
c1be18cb-b35f-40a5-a2b0-acba16a60f25,60,105,10612.00
c1be18cb-b35f-40a5-a2b0-acba16a60f25,40,120,9347.00
c1be18cb-b35f-40a5-a2b0-acba16a60f25,60,120,11300.00
c1be18cb-b35f-40a5-a2b0-acba16a60f25,40,140,11445.00
c1be18cb-b35f-40a5-a2b0-acba16a60f25,60,140,16068.00
c1be18cb-b35f-40a5-a2b0-acba16a60f25,40,160,11917.00
c1be18cb-b35f-40a5-a2b0-acba16a60f25,60,160,17370.00
c1be18cb-b35f-40a5-a2b0-acba16a60f25,40,180,14521.00
c1be18cb-b35f-40a5-a2b0-acba16a60f25,60,180,18373.00
0240b525-c61e-4f55-b6c3-69da174f5dc6,40,4,1164.00
0240b525-c61e-4f55-b6c3-69da174f5dc6,60,4,1374.00
0240b525-c61e-4f55-b6c3-69da174f5dc6,40,6,1289.00
0240b525-c61e-4f55-b6c3-69da174f5dc6,60,6,1522.00
0240b525-c61e-4f55-b6c3-69da174f5dc6,40,8,1455.00
0240b525-c61e-4f55-b6c3-69da174f5dc6,60,8,1684.00
0240b525-c61e-4f55-b6c3-69da174f5dc6,40,12,1765.00
0240b525-c61e-4f55-b6c3-69da174f5dc6,60,12,2158.00
0240b525-c61e-4f55-b6c3-69da174f5dc6,40,14,1883.00
0240b525-c61e-4f55-b6c3-69da174f5dc6,60,14,2271.00
0240b525-c61e-4f55-b6c3-69da174f5dc6,40,21,2194.00
0240b525-c61e-4f55-b6c3-69da174f5dc6,60,21,2633.00
0240b525-c61e-4f55-b6c3-69da174f5dc6,40,28,2638.00
0240b525-c61e-4f55-b6c3-69da174f5dc6,60,28,3222.00
0240b525-c61e-4f55-b6c3-69da174f5dc6,40,35,3167.00
0240b525-c61e-4f55-b6c3-69da174f5dc6,60,35,3773.00
0240b525-c61e-4f55-b6c3-69da174f5dc6,40,47,3897.00
0240b525-c61e-4f55-b6c3-69da174f5dc6,60,47,4668.00
0240b525-c61e-4f55-b6c3-69da174f5dc6,40,60,4858.00
0240b525-c61e-4f55-b6c3-69da174f5dc6,60,60,7265.00
0240b525-c61e-4f55-b6c3-69da174f5dc6,40,75,6709.00
0240b525-c61e-4f55-b6c3-69da174f5dc6,60,75,10160.00
0240b525-c61e-4f55-b6c3-69da174f5dc6,40,90,8510.00
0240b525-c61e-4f55-b6c3-69da174f5dc6,60,90,11547.00
0240b525-c61e-4f55-b6c3-69da174f5dc6,40,105,9302.00
0240b525-c61e-4f55-b6c3-69da174f5dc6,60,105,12202.00
0240b525-c61e-4f55-b6c3-69da174f5dc6,40,120,9783.00
0240b525-c61e-4f55-b6c3-69da174f5dc6,60,120,12995.00
0240b525-c61e-4f55-b6c3-69da174f5dc6,40,140,13164.00
0240b525-c61e-4f55-b6c3-69da174f5dc6,60,140,17600.00
0240b525-c61e-4f55-b6c3-69da174f5dc6,40,160,13702.00
0240b525-c61e-4f55-b6c3-69da174f5dc6,60,160,19023.00
0240b525-c61e-4f55-b6c3-69da174f5dc6,40,180,15924.00
0240b525-c61e-4f55-b6c3-69da174f5dc6,60,180,19585.00
